name,price,url
Диван прямой Аронт Мини Velvet Terra,56990,https://www.divan.ru/product/divan-pryamoj-aront-mini-velvet-terra
Диван прямой Спейс Velvet Olive,67990,https://www.divan.ru/product/divan-spejs-velvet-olive
Диван прямой Нумо Мини Textile Light,26990,https://www.divan.ru/product/divan-numo-mini-textile-light
Диван угловой Онте Bucle Eclipse,109990,https://www.divan.ru/product/divan-uglovoj-onte-bucle-eclipse
Диван прямой Мелоу Velvet Smoke,54990,https://www.divan.ru/product/divan-pryamoj-melou-velvet-smoke
Диван прямой Клаймар Velvet Terra,62990,https://www.divan.ru/product/divan-klajmar-velvet-terra
Диван прямой Льери Мини Velvet Yellow,64990,https://www.divan.ru/product/divan-leri-mini-velvet-yellow
Диван прямой Нумо Velvet Green,39990,https://www.divan.ru/product/divan-numo-velvet-green
Диван прямой Ларонсо Soft Silver,96990,https://www.divan.ru/product/divan-laronso-soft-silver
Диван угловой Нордика мини Velvet Yellow,54990,https://www.divan.ru/product/divan-uglovoj-nordika-mini-velvet-yellow
Диван модульный Риббл-1 Bucle Mint,78980,https://www.divan.ru/product/modulnyj-divan-ribbl-1-bucle-mint
Диван прямой Эби Velvet Coral,66990,https://www.divan.ru/product/divan-ebi-velvet-coral
Диван прямой Виена Velvet Smoke,64990,https://www.divan.ru/product/divan-viena-time-grey
Диван угловой Эдвин Velvet Terra,76990,https://www.divan.ru/product/divan-uglovoj-edvin-velvet-terra
Диван модульный Brera-7 Velour Mix,178970,https://www.divan.ru/product/modulnyj-divan-brera-7-velour-mix
Диван угловой Аллаум Linia Stone,56990,https://www.divan.ru/product/divan-uglovoj-allaum-linia-stone
Диван прямой Тилар Cozy Milk,31990,https://www.divan.ru/product/divan-tilar-cozy-milk
Диван прямой Сваут Velvet Mustard,67990,https://www.divan.ru/product/divan-svaut-velvet-mustard
Диван прямой Ларонсо Soft Blue,96990,https://www.divan.ru/product/divan-laronso-soft-blue
Диван угловой Аронт Мини Velvet Pink,59990,https://www.divan.ru/product/divan-uglovoj-aront-mini-velvet-pink
Диван прямой Инес Vertical Blue,47990,https://www.divan.ru/product/divan-ines-vertical-blue
Диван угловой Дарол Velvet Silver,68990,https://www.divan.ru/product/divan-uglovoj-darol-velvet-silver
Диван угловой Нордика мини Velvet Coral,54990,https://www.divan.ru/product/divan-uglovoj-nordika-mini-velvet-coral
Диван прямой Бонент Velvet Eclipse,82990,https://www.divan.ru/product/divan-bonent-velvet-eclipse
Диван прямой Эби Мини Linia Mint,59990,https://www.divan.ru/product/divan-abi-mini-linia-mint
Диван прямой Роттердам Velvet Yellow,27990,https://www.divan.ru/product/divan-rotterdam-velvet-yellow-new
Диван прямой Бруквиль Velvet Blue,54990,https://www.divan.ru/product/divan-brukvil-velvet-blue
Диван прямой Слипсон Мини Linia Stone,47990,https://www.divan.ru/product/divan-slipson-mini-linia-stone
Диван угловой Динс Velvet Navy Blue,64990,https://www.divan.ru/product/divan-uglovoj-dins-velvet-navy-blue-old-10-04-2024
Диван прямой Кейсес Velvet Grey,27990,https://www.divan.ru/product/divan-kejses-velvet-grey
Диван прямой Линс Velvet Navy Blue,34990,https://www.divan.ru/product/divan-lins-velvet-navy-blue
Диван прямой Стаус Velvet Caramel,32990,https://www.divan.ru/product/divan-staus-velvet-caramel
Диван прямой Види Textile Ocean,26990,https://www.divan.ru/product/divan-vidi-textile-ocean
Диван прямой Бонс-Т Velvet Emerald,46990,https://www.divan.ru/product/divan-bons-t-velvet-emerald
Диван прямой Виенсо Bucle Sand,79990,https://www.divan.ru/product/divan-vienso-bucle-sand
Диван прямой Лави Velvet Yellow,45990,https://www.divan.ru/product/divan-lavi-velvet-yellow
Диван прямой Риен Velvet Smoke,59990,https://www.divan.ru/product/divan-rien-velvet-smoke
Диван угловой Мисл-1 Barhat Marsala,109990,https://www.divan.ru/product/divan-uglovoj-misl-1-barhat-marsala
Диван угловой Вильен мини Velvet Terra,62990,https://www.divan.ru/product/divan-uglovoj-vilen-mini-velvet-terra
Диван прямой Пайпел Bucle Grafit,59990,https://www.divan.ru/product/divan-pajpel-bucle-grafit
Диван прямой Мейлон Velvet Beige,49990,https://www.divan.ru/product/divan-mejlon-velvet-beige
Кушетка Кото Cozy Ivory,46990,https://www.divan.ru/product/kushetka-koto-cozy-ivory
Диван прямой Марей Soft Grey,96990,https://www.divan.ru/product/divan-marej-soft-grey
Диван прямой Сорен Textile Yellow,69990,https://www.divan.ru/product/divan-soren-textile-yellow
Диван прямой Лачи Velvet Yellow,34990,https://www.divan.ru/product/divan-lachi-velvet-yellow
Диван прямой Данста Velvet Light,69990,https://www.divan.ru/product/divan-dansta-velvet-light
Диван угловой Шера Velvet Olive,109990,https://www.divan.ru/product/divan-uglovoj-shera-velvet-olive
Диван прямой Викс Textile Grafit,22990,https://www.divan.ru/product/divan-viks-textile-grafit
,,https://www.divan.ru/product/divan-uglovoj-numo-velvet-green
,,https://www.divan.ru/product/divan-spejs-velvet-olive
,,https://www.divan.ru/product/divan-spejs-soft-light
,,https://www.divan.ru/product/divan-leri-barhat-beige
,,https://www.divan.ru/product/divan-hevit-velvet-eclipse
